,filename,place,col_off,row_off
5,/home/abetatos/Escritorio/TFM_Dataset/Dataset_20230523/256pixel_4ro/Data/snowmap_20160420_ads_100_extent_maskiert_nosnow0_noausreisser__croped_HS_maxchete_142__1008__672.pickle,snowmap_20160420_ads_100_extent_maskiert_nosnow0_noausreisser,1008,672
24,/home/abetatos/Escritorio/TFM_Dataset/Dataset_20230523/256pixel_4ro/Data/snowmap_20160420_ads_100_extent_maskiert_nosnow0_noausreisser__croped_HS_maxchete_28__680__960.pickle,snowmap_20160420_ads_100_extent_maskiert_nosnow0_noausreisser,680,960
55,/home/abetatos/Escritorio/TFM_Dataset/Dataset_20230523/256pixel_4ro/Data/snowmap_20160420_ads_100_extent_maskiert_nosnow0_noausreisser__croped_HS_maxchete_222__1148__164.pickle,snowmap_20160420_ads_100_extent_maskiert_nosnow0_noausreisser,1148,164
89,/home/abetatos/Escritorio/TFM_Dataset/Dataset_20230523/256pixel_4ro/Data/snowmap_20160420_ads_100_extent_maskiert_nosnow0_noausreisser__croped_HS_maxchete_205__2016__1232.pickle,snowmap_20160420_ads_100_extent_maskiert_nosnow0_noausreisser,2016,1232
101,/home/abetatos/Escritorio/TFM_Dataset/Dataset_20230523/256pixel_4ro/Data/snowmap_20160420_ads_100_extent_maskiert_nosnow0_noausreisser__croped_HS_maxchete_3__2236__1892.pickle,snowmap_20160420_ads_100_extent_maskiert_nosnow0_noausreisser,2236,1892
103,/home/abetatos/Escritorio/TFM_Dataset/Dataset_20230523/256pixel_4ro/Data/snowmap_20160420_ads_100_extent_maskiert_nosnow0_noausreisser__croped_HS_maxchete_138__2600__1820.pickle,snowmap_20160420_ads_100_extent_maskiert_nosnow0_noausreisser,2600,1820
107,/home/abetatos/Escritorio/TFM_Dataset/Dataset_20230523/256pixel_4ro/Data/snowmap_20160420_ads_100_extent_maskiert_nosnow0_noausreisser__croped_HS_maxchete_41__2420__770.pickle,snowmap_20160420_ads_100_extent_maskiert_nosnow0_noausreisser,2420,770
134,/home/abetatos/Escritorio/TFM_Dataset/Dataset_20230523/256pixel_4ro/Data/snowmap_20160420_ads_100_extent_maskiert_nosnow0_noausreisser__croped_HS_maxchete_276__2583__2091.pickle,snowmap_20160420_ads_100_extent_maskiert_nosnow0_noausreisser,2583,2091
186,/home/abetatos/Escritorio/TFM_Dataset/Dataset_20230523/256pixel_4ro/Data/snowmap_20160420_ads_100_extent_maskiert_nosnow0_noausreisser__croped_HS_maxchete_46__810__108.pickle,snowmap_20160420_ads_100_extent_maskiert_nosnow0_noausreisser,810,108
204,/home/abetatos/Escritorio/TFM_Dataset/Dataset_20230523/256pixel_4ro/Data/snowmap_20160420_ads_100_extent_maskiert_nosnow0_noausreisser__croped_HS_maxchete_157__3010__1892.pickle,snowmap_20160420_ads_100_extent_maskiert_nosnow0_noausreisser,3010,1892
206,/home/abetatos/Escritorio/TFM_Dataset/Dataset_20230523/256pixel_4ro/Data/snowmap_20160420_ads_100_extent_maskiert_nosnow0_noausreisser__croped_HS_maxchete_130__1107__123.pickle,snowmap_20160420_ads_100_extent_maskiert_nosnow0_noausreisser,1107,123
224,/home/abetatos/Escritorio/TFM_Dataset/Dataset_20230523/256pixel_4ro/Data/snowmap_20160420_ads_100_extent_maskiert_nosnow0_noausreisser__croped_HS_maxchete_262__1950__1675.pickle,snowmap_20160420_ads_100_extent_maskiert_nosnow0_noausreisser,1950,1675
238,/home/abetatos/Escritorio/TFM_Dataset/Dataset_20230523/256pixel_4ro/Data/snowmap_20160420_ads_100_extent_maskiert_nosnow0_noausreisser__croped_HS_maxchete_238__2786__1393.pickle,snowmap_20160420_ads_100_extent_maskiert_nosnow0_noausreisser,2786,1393
239,/home/abetatos/Escritorio/TFM_Dataset/Dataset_20230523/256pixel_4ro/Data/snowmap_20160420_ads_100_extent_maskiert_nosnow0_noausreisser__croped_HS_maxchete_151__2516__2442.pickle,snowmap_20160420_ads_100_extent_maskiert_nosnow0_noausreisser,2516,2442
255,/home/abetatos/Escritorio/TFM_Dataset/Dataset_20230523/256pixel_4ro/Data/snowmap_20160420_ads_100_extent_maskiert_nosnow0_noausreisser__croped_HS_maxchete_256__2848__3204.pickle,snowmap_20160420_ads_100_extent_maskiert_nosnow0_noausreisser,2848,3204
256,/home/abetatos/Escritorio/TFM_Dataset/Dataset_20230523/256pixel_4ro/Data/snowmap_20160420_ads_100_extent_maskiert_nosnow0_noausreisser__croped_HS_maxchete_147__3159__3186.pickle,snowmap_20160420_ads_100_extent_maskiert_nosnow0_noausreisser,3159,3186
269,/home/abetatos/Escritorio/TFM_Dataset/Dataset_20230523/256pixel_4ro/Data/snowmap_20160420_ads_100_extent_maskiert_nosnow0_noausreisser__croped_HS_maxchete_153__889__0.pickle,snowmap_20160420_ads_100_extent_maskiert_nosnow0_noausreisser,889,0
273,/home/abetatos/Escritorio/TFM_Dataset/Dataset_20230523/256pixel_4ro/Data/snowmap_20160420_ads_100_extent_maskiert_nosnow0_noausreisser__croped_HS_maxchete_252__534__890.pickle,snowmap_20160420_ads_100_extent_maskiert_nosnow0_noausreisser,534,890
280,/home/abetatos/Escritorio/TFM_Dataset/Dataset_20230523/256pixel_4ro/Data/snowmap_20160420_ads_100_extent_maskiert_nosnow0_noausreisser__croped_HS_maxchete_201__2944__3128.pickle,snowmap_20160420_ads_100_extent_maskiert_nosnow0_noausreisser,2944,3128
288,/home/abetatos/Escritorio/TFM_Dataset/Dataset_20230523/256pixel_4ro/Data/snowmap_20160420_ads_100_extent_maskiert_nosnow0_noausreisser__croped_HS_maxchete_21__3256__3256.pickle,snowmap_20160420_ads_100_extent_maskiert_nosnow0_noausreisser,3256,3256
300,/home/abetatos/Escritorio/TFM_Dataset/Dataset_20230523/256pixel_4ro/Data/snowmap_20160420_ads_100_extent_maskiert_nosnow0_noausreisser__croped_HS_maxchete_89__2788__1020.pickle,snowmap_20160420_ads_100_extent_maskiert_nosnow0_noausreisser,2788,1020
311,/home/abetatos/Escritorio/TFM_Dataset/Dataset_20230523/256pixel_4ro/Data/snowmap_20160420_ads_100_extent_maskiert_nosnow0_noausreisser__croped_HS_maxchete_148__3496__2432.pickle,snowmap_20160420_ads_100_extent_maskiert_nosnow0_noausreisser,3496,2432
326,/home/abetatos/Escritorio/TFM_Dataset/Dataset_20230523/256pixel_4ro/Data/snowmap_20160420_ads_100_extent_maskiert_nosnow0_noausreisser__croped_HS_maxchete_258__3750__2950.pickle,snowmap_20160420_ads_100_extent_maskiert_nosnow0_noausreisser,3750,2950
342,/home/abetatos/Escritorio/TFM_Dataset/Dataset_20230523/256pixel_4ro/Data/snowmap_20160420_ads_100_extent_maskiert_nosnow0_noausreisser__croped_HS_maxchete_77__896__1024.pickle,snowmap_20160420_ads_100_extent_maskiert_nosnow0_noausreisser,896,1024
354,/home/abetatos/Escritorio/TFM_Dataset/Dataset_20230523/256pixel_4ro/Data/snowmap_20160420_ads_100_extent_maskiert_nosnow0_noausreisser__croped_HS_maxchete_220__355__923.pickle,snowmap_20160420_ads_100_extent_maskiert_nosnow0_noausreisser,355,923
385,/home/abetatos/Escritorio/TFM_Dataset/Dataset_20230523/256pixel_4ro/Data/snowmap_20160420_ads_100_extent_maskiert_nosnow0_noausreisser__croped_HS_maxchete_106__3276__3087.pickle,snowmap_20160420_ads_100_extent_maskiert_nosnow0_noausreisser,3276,3087
407,/home/abetatos/Escritorio/TFM_Dataset/Dataset_20230523/256pixel_4ro/Data/snowmap_20160420_ads_100_extent_maskiert_nosnow0_noausreisser__croped_HS_maxchete_10__3525__2550.pickle,snowmap_20160420_ads_100_extent_maskiert_nosnow0_noausreisser,3525,2550
408,/home/abetatos/Escritorio/TFM_Dataset/Dataset_20230523/256pixel_4ro/Data/snowmap_20160420_ads_100_extent_maskiert_nosnow0_noausreisser__croped_HS_maxchete_62__3042__2340.pickle,snowmap_20160420_ads_100_extent_maskiert_nosnow0_noausreisser,3042,2340
416,/home/abetatos/Escritorio/TFM_Dataset/Dataset_20230523/256pixel_4ro/Data/snowmap_20160420_ads_100_extent_maskiert_nosnow0_noausreisser__croped_HS_maxchete_42__2268__1638.pickle,snowmap_20160420_ads_100_extent_maskiert_nosnow0_noausreisser,2268,1638
420,/home/abetatos/Escritorio/TFM_Dataset/Dataset_20230523/256pixel_4ro/Data/snowmap_20160420_ads_100_extent_maskiert_nosnow0_noausreisser__croped_HS_maxchete_32__398__597.pickle,snowmap_20160420_ads_100_extent_maskiert_nosnow0_noausreisser,398,597
423,/home/abetatos/Escritorio/TFM_Dataset/Dataset_20230523/256pixel_4ro/Data/snowmap_20160420_ads_100_extent_maskiert_nosnow0_noausreisser__croped_HS_maxchete_167__3287__2076.pickle,snowmap_20160420_ads_100_extent_maskiert_nosnow0_noausreisser,3287,2076
433,/home/abetatos/Escritorio/TFM_Dataset/Dataset_20230523/256pixel_4ro/Data/snowmap_20160420_ads_100_extent_maskiert_nosnow0_noausreisser__croped_HS_maxchete_59__2700__2700.pickle,snowmap_20160420_ads_100_extent_maskiert_nosnow0_noausreisser,2700,2700
461,/home/abetatos/Escritorio/TFM_Dataset/Dataset_20230523/256pixel_4ro/Data/snowmap_20160420_ads_100_extent_maskiert_nosnow0_noausreisser__croped_HS_maxchete_51__2800__2184.pickle,snowmap_20160420_ads_100_extent_maskiert_nosnow0_noausreisser,2800,2184
477,/home/abetatos/Escritorio/TFM_Dataset/Dataset_20230523/256pixel_4ro/Data/snowmap_20160420_ads_100_extent_maskiert_nosnow0_noausreisser__croped_HS_maxchete_74__735__595.pickle,snowmap_20160420_ads_100_extent_maskiert_nosnow0_noausreisser,735,595
499,/home/abetatos/Escritorio/TFM_Dataset/Dataset_20230523/256pixel_4ro/Data/snowmap_20160420_ads_100_extent_maskiert_nosnow0_noausreisser__croped_HS_maxchete_176__1026__342.pickle,snowmap_20160420_ads_100_extent_maskiert_nosnow0_noausreisser,1026,342
519,/home/abetatos/Escritorio/TFM_Dataset/Dataset_20230523/256pixel_4ro/Data/snowmap_20160420_ads_100_extent_maskiert_nosnow0_noausreisser__croped_HS_maxchete_177__480__720.pickle,snowmap_20160420_ads_100_extent_maskiert_nosnow0_noausreisser,480,720
536,/home/abetatos/Escritorio/TFM_Dataset/Dataset_20230523/256pixel_4ro/Data/snowmap_20160420_ads_100_extent_maskiert_nosnow0_noausreisser__croped_HS_maxchete_198__2565__1026.pickle,snowmap_20160420_ads_100_extent_maskiert_nosnow0_noausreisser,2565,1026
551,/home/abetatos/Escritorio/TFM_Dataset/Dataset_20230523/256pixel_4ro/Data/snowmap_20160420_ads_100_extent_maskiert_nosnow0_noausreisser__croped_HS_maxchete_63__210__1260.pickle,snowmap_20160420_ads_100_extent_maskiert_nosnow0_noausreisser,210,1260
553,/home/abetatos/Escritorio/TFM_Dataset/Dataset_20230523/256pixel_4ro/Data/snowmap_20160420_ads_100_extent_maskiert_nosnow0_noausreisser__croped_HS_maxchete_144__115__805.pickle,snowmap_20160420_ads_100_extent_maskiert_nosnow0_noausreisser,115,805
563,/home/abetatos/Escritorio/TFM_Dataset/Dataset_20230523/256pixel_4ro/Data/snowmap_20160420_ads_100_extent_maskiert_nosnow0_noausreisser__croped_HS_maxchete_269__840__420.pickle,snowmap_20160420_ads_100_extent_maskiert_nosnow0_noausreisser,840,420
577,/home/abetatos/Escritorio/TFM_Dataset/Dataset_20230523/256pixel_4ro/Data/snowmap_20160420_ads_100_extent_maskiert_nosnow0_noausreisser__croped_HS_maxchete_160__1035__920.pickle,snowmap_20160420_ads_100_extent_maskiert_nosnow0_noausreisser,1035,920
601,/home/abetatos/Escritorio/TFM_Dataset/Dataset_20230523/256pixel_4ro/Data/snowmap_20160420_ads_100_extent_maskiert_nosnow0_noausreisser__croped_HS_maxchete_13__148__740.pickle,snowmap_20160420_ads_100_extent_maskiert_nosnow0_noausreisser,148,740
604,/home/abetatos/Escritorio/TFM_Dataset/Dataset_20230523/256pixel_4ro/Data/snowmap_20160420_ads_100_extent_maskiert_nosnow0_noausreisser__croped_HS_maxchete_128__2085__1668.pickle,snowmap_20160420_ads_100_extent_maskiert_nosnow0_noausreisser,2085,1668
616,/home/abetatos/Escritorio/TFM_Dataset/Dataset_20230523/256pixel_4ro/Data/snowmap_20160420_ads_100_extent_maskiert_nosnow0_noausreisser__croped_HS_maxchete_237__780__936.pickle,snowmap_20160420_ads_100_extent_maskiert_nosnow0_noausreisser,780,936
632,/home/abetatos/Escritorio/TFM_Dataset/Dataset_20230523/256pixel_4ro/Data/snowmap_20160420_ads_100_extent_maskiert_nosnow0_noausreisser__croped_HS_maxchete_56__3408__2304.pickle,snowmap_20160420_ads_100_extent_maskiert_nosnow0_noausreisser,3408,2304
649,/home/abetatos/Escritorio/TFM_Dataset/Dataset_20230523/256pixel_4ro/Data/snowmap_20160420_ads_100_extent_maskiert_nosnow0_noausreisser__croped_HS_maxchete_219__3375__2250.pickle,snowmap_20160420_ads_100_extent_maskiert_nosnow0_noausreisser,3375,2250
653,/home/abetatos/Escritorio/TFM_Dataset/Dataset_20230523/256pixel_4ro/Data/snowmap_20160420_ads_100_extent_maskiert_nosnow0_noausreisser__croped_HS_maxchete_76__2989__3416.pickle,snowmap_20160420_ads_100_extent_maskiert_nosnow0_noausreisser,2989,3416
681,/home/abetatos/Escritorio/TFM_Dataset/Dataset_20230523/256pixel_4ro/Data/snowmap_20160420_ads_100_extent_maskiert_nosnow0_noausreisser__croped_HS_maxchete_80__2482__1898.pickle,snowmap_20160420_ads_100_extent_maskiert_nosnow0_noausreisser,2482,1898
695,/home/abetatos/Escritorio/TFM_Dataset/Dataset_20230523/256pixel_4ro/Data/snowmap_20160420_ads_100_extent_maskiert_nosnow0_noausreisser__croped_HS_maxchete_118__935__255.pickle,snowmap_20160420_ads_100_extent_maskiert_nosnow0_noausreisser,935,255
703,/home/abetatos/Escritorio/TFM_Dataset/Dataset_20230523/256pixel_4ro/Data/snowmap_20160420_ads_100_extent_maskiert_nosnow0_noausreisser__croped_HS_maxchete_214__3116__1804.pickle,snowmap_20160420_ads_100_extent_maskiert_nosnow0_noausreisser,3116,1804
715,/home/abetatos/Escritorio/TFM_Dataset/Dataset_20230523/256pixel_4ro/Data/snowmap_20160420_ads_100_extent_maskiert_nosnow0_noausreisser__croped_HS_maxchete_275__3402__2916.pickle,snowmap_20160420_ads_100_extent_maskiert_nosnow0_noausreisser,3402,2916
724,/home/abetatos/Escritorio/TFM_Dataset/Dataset_20230523/256pixel_4ro/Data/snowmap_20160420_ads_100_extent_maskiert_nosnow0_noausreisser__croped_HS_maxchete_260__2328__1940.pickle,snowmap_20160420_ads_100_extent_maskiert_nosnow0_noausreisser,2328,1940
727,/home/abetatos/Escritorio/TFM_Dataset/Dataset_20230523/256pixel_4ro/Data/snowmap_20160420_ads_100_extent_maskiert_nosnow0_noausreisser__croped_HS_maxchete_25__1848__1056.pickle,snowmap_20160420_ads_100_extent_maskiert_nosnow0_noausreisser,1848,1056
733,/home/abetatos/Escritorio/TFM_Dataset/Dataset_20230523/256pixel_4ro/Data/snowmap_20160420_ads_100_extent_maskiert_nosnow0_noausreisser__croped_HS_maxchete_129__3220__1820.pickle,snowmap_20160420_ads_100_extent_maskiert_nosnow0_noausreisser,3220,1820
744,/home/abetatos/Escritorio/TFM_Dataset/Dataset_20230523/256pixel_4ro/Data/snowmap_20160420_ads_100_extent_maskiert_nosnow0_noausreisser__croped_HS_maxchete_5__2960__2072.pickle,snowmap_20160420_ads_100_extent_maskiert_nosnow0_noausreisser,2960,2072
748,/home/abetatos/Escritorio/TFM_Dataset/Dataset_20230523/256pixel_4ro/Data/snowmap_20160420_ads_100_extent_maskiert_nosnow0_noausreisser__croped_HS_maxchete_30__968__616.pickle,snowmap_20160420_ads_100_extent_maskiert_nosnow0_noausreisser,968,616
774,/home/abetatos/Escritorio/TFM_Dataset/Dataset_20230523/256pixel_4ro/Data/snowmap_20160420_ads_100_extent_maskiert_nosnow0_noausreisser__croped_HS_maxchete_35__3264__2176.pickle,snowmap_20160420_ads_100_extent_maskiert_nosnow0_noausreisser,3264,2176
777,/home/abetatos/Escritorio/TFM_Dataset/Dataset_20230523/256pixel_4ro/Data/snowmap_20160420_ads_100_extent_maskiert_nosnow0_noausreisser__croped_HS_maxchete_23__315__1008.pickle,snowmap_20160420_ads_100_extent_maskiert_nosnow0_noausreisser,315,1008
804,/home/abetatos/Escritorio/TFM_Dataset/Dataset_20230523/256pixel_4ro/Data/snowmap_20160420_ads_100_extent_maskiert_nosnow0_noausreisser__croped_HS_maxchete_20__2116__1196.pickle,snowmap_20160420_ads_100_extent_maskiert_nosnow0_noausreisser,2116,1196
817,/home/abetatos/Escritorio/TFM_Dataset/Dataset_20230523/256pixel_4ro/Data/snowmap_20160420_ads_100_extent_maskiert_nosnow0_noausreisser__croped_HS_maxchete_183__2016__1568.pickle,snowmap_20160420_ads_100_extent_maskiert_nosnow0_noausreisser,2016,1568
825,/home/abetatos/Escritorio/TFM_Dataset/Dataset_20230523/256pixel_4ro/Data/snowmap_20160420_ads_100_extent_maskiert_nosnow0_noausreisser__croped_HS_maxchete_94__2750__1350.pickle,snowmap_20160420_ads_100_extent_maskiert_nosnow0_noausreisser,2750,1350
830,/home/abetatos/Escritorio/TFM_Dataset/Dataset_20230523/256pixel_4ro/Data/snowmap_20160420_ads_100_extent_maskiert_nosnow0_noausreisser__croped_HS_maxchete_33__2676__892.pickle,snowmap_20160420_ads_100_extent_maskiert_nosnow0_noausreisser,2676,892
836,/home/abetatos/Escritorio/TFM_Dataset/Dataset_20230523/256pixel_4ro/Data/snowmap_20160420_ads_100_extent_maskiert_nosnow0_noausreisser__croped_HS_maxchete_53__1368__304.pickle,snowmap_20160420_ads_100_extent_maskiert_nosnow0_noausreisser,1368,304
843,/home/abetatos/Escritorio/TFM_Dataset/Dataset_20230523/256pixel_4ro/Data/snowmap_20160420_ads_100_extent_maskiert_nosnow0_noausreisser__croped_HS_maxchete_181__2970__2862.pickle,snowmap_20160420_ads_100_extent_maskiert_nosnow0_noausreisser,2970,2862
846,/home/abetatos/Escritorio/TFM_Dataset/Dataset_20230523/256pixel_4ro/Data/snowmap_20160420_ads_100_extent_maskiert_nosnow0_noausreisser__croped_HS_maxchete_16__774__344.pickle,snowmap_20160420_ads_100_extent_maskiert_nosnow0_noausreisser,774,344
872,/home/abetatos/Escritorio/TFM_Dataset/Dataset_20230523/256pixel_4ro/Data/snowmap_20160420_ads_100_extent_maskiert_nosnow0_noausreisser__croped_HS_maxchete_113__1680__1200.pickle,snowmap_20160420_ads_100_extent_maskiert_nosnow0_noausreisser,1680,1200
885,/home/abetatos/Escritorio/TFM_Dataset/Dataset_20230523/256pixel_4ro/Data/snowmap_20160420_ads_100_extent_maskiert_nosnow0_noausreisser__croped_HS_maxchete_66__3750__2850.pickle,snowmap_20160420_ads_100_extent_maskiert_nosnow0_noausreisser,3750,2850
889,/home/abetatos/Escritorio/TFM_Dataset/Dataset_20230523/256pixel_4ro/Data/snowmap_20160420_ads_100_extent_maskiert_nosnow0_noausreisser__croped_HS_maxchete_228__2618__770.pickle,snowmap_20160420_ads_100_extent_maskiert_nosnow0_noausreisser,2618,770
905,/home/abetatos/Escritorio/TFM_Dataset/Dataset_20230523/256pixel_4ro/Data/snowmap_20160420_ads_100_extent_maskiert_nosnow0_noausreisser__croped_HS_maxchete_72__3128__1656.pickle,snowmap_20160420_ads_100_extent_maskiert_nosnow0_noausreisser,3128,1656
933,/home/abetatos/Escritorio/TFM_Dataset/Dataset_20230523/256pixel_4ro/Data/snowmap_20160420_ads_100_extent_maskiert_nosnow0_noausreisser__croped_HS_maxchete_246__770__616.pickle,snowmap_20160420_ads_100_extent_maskiert_nosnow0_noausreisser,770,616
944,/home/abetatos/Escritorio/TFM_Dataset/Dataset_20230523/256pixel_4ro/Data/snowmap_20160420_ads_100_extent_maskiert_nosnow0_noausreisser__croped_HS_maxchete_215__3510__2925.pickle,snowmap_20160420_ads_100_extent_maskiert_nosnow0_noausreisser,3510,2925
960,/home/abetatos/Escritorio/TFM_Dataset/Dataset_20230523/256pixel_4ro/Data/snowmap_20160420_ads_100_extent_maskiert_nosnow0_noausreisser__croped_HS_maxchete_236__2916__2916.pickle,snowmap_20160420_ads_100_extent_maskiert_nosnow0_noausreisser,2916,2916
978,/home/abetatos/Escritorio/TFM_Dataset/Dataset_20230523/256pixel_4ro/Data/snowmap_20160420_ads_100_extent_maskiert_nosnow0_noausreisser__croped_HS_maxchete_0__3003__1638.pickle,snowmap_20160420_ads_100_extent_maskiert_nosnow0_noausreisser,3003,1638
995,/home/abetatos/Escritorio/TFM_Dataset/Dataset_20230523/256pixel_4ro/Data/snowmap_20160420_ads_100_extent_maskiert_nosnow0_noausreisser__croped_HS_maxchete_14__2775__2450.pickle,snowmap_20160420_ads_100_extent_maskiert_nosnow0_noausreisser,2775,2450
1013,/home/abetatos/Escritorio/TFM_Dataset/Dataset_20230523/256pixel_4ro/Data/snowmap_20160420_ads_100_extent_maskiert_nosnow0_noausreisser__croped_HS_maxchete_136__2703__2279.pickle,snowmap_20160420_ads_100_extent_maskiert_nosnow0_noausreisser,2703,2279
1014,/home/abetatos/Escritorio/TFM_Dataset/Dataset_20230523/256pixel_4ro/Data/snowmap_20160420_ads_100_extent_maskiert_nosnow0_noausreisser__croped_HS_maxchete_231__1880__1034.pickle,snowmap_20160420_ads_100_extent_maskiert_nosnow0_noausreisser,1880,1034
1042,/home/abetatos/Escritorio/TFM_Dataset/Dataset_20230523/256pixel_4ro/Data/snowmap_20160420_ads_100_extent_maskiert_nosnow0_noausreisser__croped_HS_maxchete_197__2944__1344.pickle,snowmap_20160420_ads_100_extent_maskiert_nosnow0_noausreisser,2944,1344
1044,/home/abetatos/Escritorio/TFM_Dataset/Dataset_20230523/256pixel_4ro/Data/snowmap_20160420_ads_100_extent_maskiert_nosnow0_noausreisser__croped_HS_maxchete_247__2816__1936.pickle,snowmap_20160420_ads_100_extent_maskiert_nosnow0_noausreisser,2816,1936
1045,/home/abetatos/Escritorio/TFM_Dataset/Dataset_20230523/256pixel_4ro/Data/snowmap_20160420_ads_100_extent_maskiert_nosnow0_noausreisser__croped_HS_maxchete_194__810__567.pickle,snowmap_20160420_ads_100_extent_maskiert_nosnow0_noausreisser,810,567
1094,/home/abetatos/Escritorio/TFM_Dataset/Dataset_20230523/256pixel_4ro/Data/snowmap_20160420_ads_100_extent_maskiert_nosnow0_noausreisser__croped_HS_maxchete_140__3066__2628.pickle,snowmap_20160420_ads_100_extent_maskiert_nosnow0_noausreisser,3066,2628
1124,/home/abetatos/Escritorio/TFM_Dataset/Dataset_20230523/256pixel_4ro/Data/snowmap_20160420_ads_100_extent_maskiert_nosnow0_noausreisser__croped_HS_maxchete_203__3034__3404.pickle,snowmap_20160420_ads_100_extent_maskiert_nosnow0_noausreisser,3034,3404
1126,/home/abetatos/Escritorio/TFM_Dataset/Dataset_20230523/256pixel_4ro/Data/snowmap_20160420_ads_100_extent_maskiert_nosnow0_noausreisser__croped_HS_maxchete_210__650__300.pickle,snowmap_20160420_ads_100_extent_maskiert_nosnow0_noausreisser,650,300
1135,/home/abetatos/Escritorio/TFM_Dataset/Dataset_20230523/256pixel_4ro/Data/snowmap_20160420_ads_100_extent_maskiert_nosnow0_noausreisser__croped_HS_maxchete_267__1750__1300.pickle,snowmap_20160420_ads_100_extent_maskiert_nosnow0_noausreisser,1750,1300
1144,/home/abetatos/Escritorio/TFM_Dataset/Dataset_20230523/256pixel_4ro/Data/snowmap_20160420_ads_100_extent_maskiert_nosnow0_noausreisser__croped_HS_maxchete_67__932__0.pickle,snowmap_20160420_ads_100_extent_maskiert_nosnow0_noausreisser,932,0
1159,/home/abetatos/Escritorio/TFM_Dataset/Dataset_20230523/256pixel_4ro/Data/snowmap_20160420_ads_100_extent_maskiert_nosnow0_noausreisser__croped_HS_maxchete_44__72__1008.pickle,snowmap_20160420_ads_100_extent_maskiert_nosnow0_noausreisser,72,1008
1163,/home/abetatos/Escritorio/TFM_Dataset/Dataset_20230523/256pixel_4ro/Data/snowmap_20160420_ads_100_extent_maskiert_nosnow0_noausreisser__croped_HS_maxchete_155__2790__3069.pickle,snowmap_20160420_ads_100_extent_maskiert_nosnow0_noausreisser,2790,3069
1173,/home/abetatos/Escritorio/TFM_Dataset/Dataset_20230523/256pixel_4ro/Data/snowmap_20160420_ads_100_extent_maskiert_nosnow0_noausreisser__croped_HS_maxchete_24__623__1246.pickle,snowmap_20160420_ads_100_extent_maskiert_nosnow0_noausreisser,623,1246
1195,/home/abetatos/Escritorio/TFM_Dataset/Dataset_20230523/256pixel_4ro/Data/snowmap_20160420_ads_100_extent_maskiert_nosnow0_noausreisser__croped_HS_maxchete_88__642__856.pickle,snowmap_20160420_ads_100_extent_maskiert_nosnow0_noausreisser,642,856
1225,/home/abetatos/Escritorio/TFM_Dataset/Dataset_20230523/256pixel_4ro/Data/snowmap_20160420_ads_100_extent_maskiert_nosnow0_noausreisser__croped_HS_maxchete_173__2664__2775.pickle,snowmap_20160420_ads_100_extent_maskiert_nosnow0_noausreisser,2664,2775
1235,/home/abetatos/Escritorio/TFM_Dataset/Dataset_20230523/256pixel_4ro/Data/snowmap_20160420_ads_100_extent_maskiert_nosnow0_noausreisser__croped_HS_maxchete_162__2750__1550.pickle,snowmap_20160420_ads_100_extent_maskiert_nosnow0_noausreisser,2750,1550
1256,/home/abetatos/Escritorio/TFM_Dataset/Dataset_20230523/256pixel_4ro/Data/snowmap_20160420_ads_100_extent_maskiert_nosnow0_noausreisser__croped_HS_maxchete_188__2442__814.pickle,snowmap_20160420_ads_100_extent_maskiert_nosnow0_noausreisser,2442,814
1258,/home/abetatos/Escritorio/TFM_Dataset/Dataset_20230523/256pixel_4ro/Data/snowmap_20160420_ads_100_extent_maskiert_nosnow0_noausreisser__croped_HS_maxchete_96__2280__2432.pickle,snowmap_20160420_ads_100_extent_maskiert_nosnow0_noausreisser,2280,2432
1260,/home/abetatos/Escritorio/TFM_Dataset/Dataset_20230523/256pixel_4ro/Data/snowmap_20160420_ads_100_extent_maskiert_nosnow0_noausreisser__croped_HS_maxchete_207__2682__2980.pickle,snowmap_20160420_ads_100_extent_maskiert_nosnow0_noausreisser,2682,2980
1267,/home/abetatos/Escritorio/TFM_Dataset/Dataset_20230523/256pixel_4ro/Data/snowmap_20160420_ads_100_extent_maskiert_nosnow0_noausreisser__croped_HS_maxchete_268__3294__2562.pickle,snowmap_20160420_ads_100_extent_maskiert_nosnow0_noausreisser,3294,2562
1277,/home/abetatos/Escritorio/TFM_Dataset/Dataset_20230523/256pixel_4ro/Data/snowmap_20160420_ads_100_extent_maskiert_nosnow0_noausreisser__croped_HS_maxchete_179__1320__264.pickle,snowmap_20160420_ads_100_extent_maskiert_nosnow0_noausreisser,1320,264
1278,/home/abetatos/Escritorio/TFM_Dataset/Dataset_20230523/256pixel_4ro/Data/snowmap_20160420_ads_100_extent_maskiert_nosnow0_noausreisser__croped_HS_maxchete_265__169__676.pickle,snowmap_20160420_ads_100_extent_maskiert_nosnow0_noausreisser,169,676
1294,/home/abetatos/Escritorio/TFM_Dataset/Dataset_20230523/256pixel_4ro/Data/snowmap_20160420_ads_100_extent_maskiert_nosnow0_noausreisser__croped_HS_maxchete_83__2538__846.pickle,snowmap_20160420_ads_100_extent_maskiert_nosnow0_noausreisser,2538,846
1302,/home/abetatos/Escritorio/TFM_Dataset/Dataset_20230523/256pixel_4ro/Data/snowmap_20160420_ads_100_extent_maskiert_nosnow0_noausreisser__croped_HS_maxchete_91__924__770.pickle,snowmap_20160420_ads_100_extent_maskiert_nosnow0_noausreisser,924,770
1316,/home/abetatos/Escritorio/TFM_Dataset/Dataset_20230523/256pixel_4ro/Data/snowmap_20160420_ads_100_extent_maskiert_nosnow0_noausreisser__croped_HS_maxchete_175__630__1015.pickle,snowmap_20160420_ads_100_extent_maskiert_nosnow0_noausreisser,630,1015
1317,/home/abetatos/Escritorio/TFM_Dataset/Dataset_20230523/256pixel_4ro/Data/snowmap_20160420_ads_100_extent_maskiert_nosnow0_noausreisser__croped_HS_maxchete_174__2821__1085.pickle,snowmap_20160420_ads_100_extent_maskiert_nosnow0_noausreisser,2821,1085
1329,/home/abetatos/Escritorio/TFM_Dataset/Dataset_20230523/256pixel_4ro/Data/snowmap_20160420_ads_100_extent_maskiert_nosnow0_noausreisser__croped_HS_maxchete_6__2496__2496.pickle,snowmap_20160420_ads_100_extent_maskiert_nosnow0_noausreisser,2496,2496
1345,/home/abetatos/Escritorio/TFM_Dataset/Dataset_20230523/256pixel_4ro/Data/snowmap_20160420_ads_100_extent_maskiert_nosnow0_noausreisser__croped_HS_maxchete_141__1840__1472.pickle,snowmap_20160420_ads_100_extent_maskiert_nosnow0_noausreisser,1840,1472
1350,/home/abetatos/Escritorio/TFM_Dataset/Dataset_20230523/256pixel_4ro/Data/snowmap_20160420_ads_100_extent_maskiert_nosnow0_noausreisser__croped_HS_maxchete_37__966__882.pickle,snowmap_20160420_ads_100_extent_maskiert_nosnow0_noausreisser,966,882
1352,/home/abetatos/Escritorio/TFM_Dataset/Dataset_20230523/256pixel_4ro/Data/snowmap_20160420_ads_100_extent_maskiert_nosnow0_noausreisser__croped_HS_maxchete_239__240__1200.pickle,snowmap_20160420_ads_100_extent_maskiert_nosnow0_noausreisser,240,1200
1377,/home/abetatos/Escritorio/TFM_Dataset/Dataset_20230523/256pixel_4ro/Data/snowmap_20160420_ads_100_extent_maskiert_nosnow0_noausreisser__croped_HS_maxchete_116__2829__3198.pickle,snowmap_20160420_ads_100_extent_maskiert_nosnow0_noausreisser,2829,3198
1391,/home/abetatos/Escritorio/TFM_Dataset/Dataset_20230523/256pixel_4ro/Data/snowmap_20160420_ads_100_extent_maskiert_nosnow0_noausreisser__croped_HS_maxchete_121__3029__1398.pickle,snowmap_20160420_ads_100_extent_maskiert_nosnow0_noausreisser,3029,1398
1394,/home/abetatos/Escritorio/TFM_Dataset/Dataset_20230523/256pixel_4ro/Data/snowmap_20160420_ads_100_extent_maskiert_nosnow0_noausreisser__croped_HS_maxchete_50__3354__3010.pickle,snowmap_20160420_ads_100_extent_maskiert_nosnow0_noausreisser,3354,3010
1433,/home/abetatos/Escritorio/TFM_Dataset/Dataset_20230523/256pixel_4ro/Data/snowmap_20160420_ads_100_extent_maskiert_nosnow0_noausreisser__croped_HS_maxchete_126__3483__2967.pickle,snowmap_20160420_ads_100_extent_maskiert_nosnow0_noausreisser,3483,2967
1481,/home/abetatos/Escritorio/TFM_Dataset/Dataset_20230523/256pixel_4ro/Data/snowmap_20160420_ads_100_extent_maskiert_nosnow0_noausreisser__croped_HS_maxchete_150__3075__1575.pickle,snowmap_20160420_ads_100_extent_maskiert_nosnow0_noausreisser,3075,1575
1508,/home/abetatos/Escritorio/TFM_Dataset/Dataset_20230523/256pixel_4ro/Data/snowmap_20160420_ads_100_extent_maskiert_nosnow0_noausreisser__croped_HS_maxchete_254__2256__2304.pickle,snowmap_20160420_ads_100_extent_maskiert_nosnow0_noausreisser,2256,2304
1535,/home/abetatos/Escritorio/TFM_Dataset/Dataset_20230523/256pixel_4ro/Data/snowmap_20160420_ads_100_extent_maskiert_nosnow0_noausreisser__croped_HS_maxchete_145__2180__1308.pickle,snowmap_20160420_ads_100_extent_maskiert_nosnow0_noausreisser,2180,1308
1542,/home/abetatos/Escritorio/TFM_Dataset/Dataset_20230523/256pixel_4ro/Data/snowmap_20160420_ads_100_extent_maskiert_nosnow0_noausreisser__croped_HS_maxchete_131__390__858.pickle,snowmap_20160420_ads_100_extent_maskiert_nosnow0_noausreisser,390,858
1543,/home/abetatos/Escritorio/TFM_Dataset/Dataset_20230523/256pixel_4ro/Data/snowmap_20160420_ads_100_extent_maskiert_nosnow0_noausreisser__croped_HS_maxchete_208__825__1125.pickle,snowmap_20160420_ads_100_extent_maskiert_nosnow0_noausreisser,825,1125
1566,/home/abetatos/Escritorio/TFM_Dataset/Dataset_20230523/256pixel_4ro/Data/snowmap_20160420_ads_100_extent_maskiert_nosnow0_noausreisser__croped_HS_maxchete_112__3239__3397.pickle,snowmap_20160420_ads_100_extent_maskiert_nosnow0_noausreisser,3239,3397
1583,/home/abetatos/Escritorio/TFM_Dataset/Dataset_20230523/256pixel_4ro/Data/snowmap_20160420_ads_100_extent_maskiert_nosnow0_noausreisser__croped_HS_maxchete_133__3087__2940.pickle,snowmap_20160420_ads_100_extent_maskiert_nosnow0_noausreisser,3087,2940
1612,/home/abetatos/Escritorio/TFM_Dataset/Dataset_20230523/256pixel_4ro/Data/snowmap_20160420_ads_100_extent_maskiert_nosnow0_noausreisser__croped_HS_maxchete_218__1998__1890.pickle,snowmap_20160420_ads_100_extent_maskiert_nosnow0_noausreisser,1998,1890
1635,/home/abetatos/Escritorio/TFM_Dataset/Dataset_20230523/256pixel_4ro/Data/snowmap_20160420_ads_100_extent_maskiert_nosnow0_noausreisser__croped_HS_maxchete_152__2794__1270.pickle,snowmap_20160420_ads_100_extent_maskiert_nosnow0_noausreisser,2794,1270
1640,/home/abetatos/Escritorio/TFM_Dataset/Dataset_20230523/256pixel_4ro/Data/snowmap_20160420_ads_100_extent_maskiert_nosnow0_noausreisser__croped_HS_maxchete_15__3264__1904.pickle,snowmap_20160420_ads_100_extent_maskiert_nosnow0_noausreisser,3264,1904
1678,/home/abetatos/Escritorio/TFM_Dataset/Dataset_20230523/256pixel_4ro/Data/snowmap_20160420_ads_100_extent_maskiert_nosnow0_noausreisser__croped_HS_maxchete_149__2225__2175.pickle,snowmap_20160420_ads_100_extent_maskiert_nosnow0_noausreisser,2225,2175
1689,/home/abetatos/Escritorio/TFM_Dataset/Dataset_20230523/256pixel_4ro/Data/snowmap_20160420_ads_100_extent_maskiert_nosnow0_noausreisser__croped_HS_maxchete_245__712__1246.pickle,snowmap_20160420_ads_100_extent_maskiert_nosnow0_noausreisser,712,1246
1699,/home/abetatos/Escritorio/TFM_Dataset/Dataset_20230523/256pixel_4ro/Data/snowmap_20160420_ads_100_extent_maskiert_nosnow0_noausreisser__croped_HS_maxchete_200__3234__3003.pickle,snowmap_20160420_ads_100_extent_maskiert_nosnow0_noausreisser,3234,3003
1711,/home/abetatos/Escritorio/TFM_Dataset/Dataset_20230523/256pixel_4ro/Data/snowmap_20160420_ads_100_extent_maskiert_nosnow0_noausreisser__croped_HS_maxchete_242__1302__434.pickle,snowmap_20160420_ads_100_extent_maskiert_nosnow0_noausreisser,1302,434
1728,/home/abetatos/Escritorio/TFM_Dataset/Dataset_20230523/256pixel_4ro/Data/snowmap_20160420_ads_100_extent_maskiert_nosnow0_noausreisser__croped_HS_maxchete_204__1016__0.pickle,snowmap_20160420_ads_100_extent_maskiert_nosnow0_noausreisser,1016,0
1745,/home/abetatos/Escritorio/TFM_Dataset/Dataset_20230523/256pixel_4ro/Data/snowmap_20160420_ads_100_extent_maskiert_nosnow0_noausreisser__croped_HS_maxchete_101__1969__1790.pickle,snowmap_20160420_ads_100_extent_maskiert_nosnow0_noausreisser,1969,1790
1765,/home/abetatos/Escritorio/TFM_Dataset/Dataset_20230523/256pixel_4ro/Data/snowmap_20160420_ads_100_extent_maskiert_nosnow0_noausreisser__croped_HS_maxchete_47__3268__2584.pickle,snowmap_20160420_ads_100_extent_maskiert_nosnow0_noausreisser,3268,2584
1773,/home/abetatos/Escritorio/TFM_Dataset/Dataset_20230523/256pixel_4ro/Data/snowmap_20160420_ads_100_extent_maskiert_nosnow0_noausreisser__croped_HS_maxchete_229__3572__2660.pickle,snowmap_20160420_ads_100_extent_maskiert_nosnow0_noausreisser,3572,2660
1777,/home/abetatos/Escritorio/TFM_Dataset/Dataset_20230523/256pixel_4ro/Data/snowmap_20160420_ads_100_extent_maskiert_nosnow0_noausreisser__croped_HS_maxchete_156__1275__425.pickle,snowmap_20160420_ads_100_extent_maskiert_nosnow0_noausreisser,1275,425
1780,/home/abetatos/Escritorio/TFM_Dataset/Dataset_20230523/256pixel_4ro/Data/snowmap_20160420_ads_100_extent_maskiert_nosnow0_noausreisser__croped_HS_maxchete_226__1880__1410.pickle,snowmap_20160420_ads_100_extent_maskiert_nosnow0_noausreisser,1880,1410
1783,/home/abetatos/Escritorio/TFM_Dataset/Dataset_20230523/256pixel_4ro/Data/snowmap_20160420_ads_100_extent_maskiert_nosnow0_noausreisser__croped_HS_maxchete_190__2800__2600.pickle,snowmap_20160420_ads_100_extent_maskiert_nosnow0_noausreisser,2800,2600
1792,/home/abetatos/Escritorio/TFM_Dataset/Dataset_20230523/256pixel_4ro/Data/snowmap_20160420_ads_100_extent_maskiert_nosnow0_noausreisser__croped_HS_maxchete_192__2464__2618.pickle,snowmap_20160420_ads_100_extent_maskiert_nosnow0_noausreisser,2464,2618
1795,/home/abetatos/Escritorio/TFM_Dataset/Dataset_20230523/256pixel_4ro/Data/snowmap_20160420_ads_100_extent_maskiert_nosnow0_noausreisser__croped_HS_maxchete_171__3729__2937.pickle,snowmap_20160420_ads_100_extent_maskiert_nosnow0_noausreisser,3729,2937
1798,/home/abetatos/Escritorio/TFM_Dataset/Dataset_20230523/256pixel_4ro/Data/snowmap_20160420_ads_100_extent_maskiert_nosnow0_noausreisser__croped_HS_maxchete_26__2197__2197.pickle,snowmap_20160420_ads_100_extent_maskiert_nosnow0_noausreisser,2197,2197
1801,/home/abetatos/Escritorio/TFM_Dataset/Dataset_20230523/256pixel_4ro/Data/snowmap_20160420_ads_100_extent_maskiert_nosnow0_noausreisser__croped_HS_maxchete_217__485__1164.pickle,snowmap_20160420_ads_100_extent_maskiert_nosnow0_noausreisser,485,1164
1825,/home/abetatos/Escritorio/TFM_Dataset/Dataset_20230523/256pixel_4ro/Data/snowmap_20160420_ads_100_extent_maskiert_nosnow0_noausreisser__croped_HS_maxchete_1__2100__1470.pickle,snowmap_20160420_ads_100_extent_maskiert_nosnow0_noausreisser,2100,1470
1849,/home/abetatos/Escritorio/TFM_Dataset/Dataset_20230523/256pixel_4ro/Data/snowmap_20160420_ads_100_extent_maskiert_nosnow0_noausreisser__croped_HS_maxchete_211__3055__2080.pickle,snowmap_20160420_ads_100_extent_maskiert_nosnow0_noausreisser,3055,2080
1867,/home/abetatos/Escritorio/TFM_Dataset/Dataset_20230523/256pixel_4ro/Data/snowmap_20160420_ads_100_extent_maskiert_nosnow0_noausreisser__croped_HS_maxchete_249__3115__3204.pickle,snowmap_20160420_ads_100_extent_maskiert_nosnow0_noausreisser,3115,3204
1874,/home/abetatos/Escritorio/TFM_Dataset/Dataset_20230523/256pixel_4ro/Data/snowmap_20160420_ads_100_extent_maskiert_nosnow0_noausreisser__croped_HS_maxchete_257__2574__2340.pickle,snowmap_20160420_ads_100_extent_maskiert_nosnow0_noausreisser,2574,2340
1882,/home/abetatos/Escritorio/TFM_Dataset/Dataset_20230523/256pixel_4ro/Data/snowmap_20160420_ads_100_extent_maskiert_nosnow0_noausreisser__croped_HS_maxchete_81__1890__1134.pickle,snowmap_20160420_ads_100_extent_maskiert_nosnow0_noausreisser,1890,1134
1906,/home/abetatos/Escritorio/TFM_Dataset/Dataset_20230523/256pixel_4ro/Data/snowmap_20160420_ads_100_extent_maskiert_nosnow0_noausreisser__croped_HS_maxchete_250__3234__2058.pickle,snowmap_20160420_ads_100_extent_maskiert_nosnow0_noausreisser,3234,2058
1967,/home/abetatos/Escritorio/TFM_Dataset/Dataset_20230523/256pixel_4ro/Data/snowmap_20160420_ads_100_extent_maskiert_nosnow0_noausreisser__croped_HS_maxchete_233__352__1408.pickle,snowmap_20160420_ads_100_extent_maskiert_nosnow0_noausreisser,352,1408
2003,/home/abetatos/Escritorio/TFM_Dataset/Dataset_20230523/256pixel_4ro/Data/snowmap_20160420_ads_100_extent_maskiert_nosnow0_noausreisser__croped_HS_maxchete_104__3320__1992.pickle,snowmap_20160420_ads_100_extent_maskiert_nosnow0_noausreisser,3320,1992
2006,/home/abetatos/Escritorio/TFM_Dataset/Dataset_20230523/256pixel_4ro/Data/snowmap_20160420_ads_100_extent_maskiert_nosnow0_noausreisser__croped_HS_maxchete_4__364__1300.pickle,snowmap_20160420_ads_100_extent_maskiert_nosnow0_noausreisser,364,1300
2008,/home/abetatos/Escritorio/TFM_Dataset/Dataset_20230523/256pixel_4ro/Data/snowmap_20160420_ads_100_extent_maskiert_nosnow0_noausreisser__croped_HS_maxchete_38__2548__2730.pickle,snowmap_20160420_ads_100_extent_maskiert_nosnow0_noausreisser,2548,2730
2020,/home/abetatos/Escritorio/TFM_Dataset/Dataset_20230523/256pixel_4ro/Data/snowmap_20160420_ads_100_extent_maskiert_nosnow0_noausreisser__croped_HS_maxchete_134__868__1085.pickle,snowmap_20160420_ads_100_extent_maskiert_nosnow0_noausreisser,868,1085
2038,/home/abetatos/Escritorio/TFM_Dataset/Dataset_20230523/256pixel_4ro/Data/snowmap_20160420_ads_100_extent_maskiert_nosnow0_noausreisser__croped_HS_maxchete_22__1700__1325.pickle,snowmap_20160420_ads_100_extent_maskiert_nosnow0_noausreisser,1700,1325
2043,/home/abetatos/Escritorio/TFM_Dataset/Dataset_20230523/256pixel_4ro/Data/snowmap_20160420_ads_100_extent_maskiert_nosnow0_noausreisser__croped_HS_maxchete_58__990__396.pickle,snowmap_20160420_ads_100_extent_maskiert_nosnow0_noausreisser,990,396
2044,/home/abetatos/Escritorio/TFM_Dataset/Dataset_20230523/256pixel_4ro/Data/snowmap_20160420_ads_100_extent_maskiert_nosnow0_noausreisser__croped_HS_maxchete_95__2867__2350.pickle,snowmap_20160420_ads_100_extent_maskiert_nosnow0_noausreisser,2867,2350
2046,/home/abetatos/Escritorio/TFM_Dataset/Dataset_20230523/256pixel_4ro/Data/snowmap_20160420_ads_100_extent_maskiert_nosnow0_noausreisser__croped_HS_maxchete_223__470__611.pickle,snowmap_20160420_ads_100_extent_maskiert_nosnow0_noausreisser,470,611
2052,/home/abetatos/Escritorio/TFM_Dataset/Dataset_20230523/256pixel_4ro/Data/snowmap_20160420_ads_100_extent_maskiert_nosnow0_noausreisser__croped_HS_maxchete_139__573__1337.pickle,snowmap_20160420_ads_100_extent_maskiert_nosnow0_noausreisser,573,1337
2063,/home/abetatos/Escritorio/TFM_Dataset/Dataset_20230523/256pixel_4ro/Data/snowmap_20160420_ads_100_extent_maskiert_nosnow0_noausreisser__croped_HS_maxchete_186__3225__2365.pickle,snowmap_20160420_ads_100_extent_maskiert_nosnow0_noausreisser,3225,2365
2075,/home/abetatos/Escritorio/TFM_Dataset/Dataset_20230523/256pixel_4ro/Data/snowmap_20160420_ads_100_extent_maskiert_nosnow0_noausreisser__croped_HS_maxchete_184__1736__1240.pickle,snowmap_20160420_ads_100_extent_maskiert_nosnow0_noausreisser,1736,1240
2134,/home/abetatos/Escritorio/TFM_Dataset/Dataset_20230523/256pixel_4ro/Data/snowmap_20160420_ads_100_extent_maskiert_nosnow0_noausreisser__croped_HS_maxchete_193__210__700.pickle,snowmap_20160420_ads_100_extent_maskiert_nosnow0_noausreisser,210,700
2148,/home/abetatos/Escritorio/TFM_Dataset/Dataset_20230523/256pixel_4ro/Data/snowmap_20160420_ads_100_extent_maskiert_nosnow0_noausreisser__croped_HS_maxchete_2__2898__3276.pickle,snowmap_20160420_ads_100_extent_maskiert_nosnow0_noausreisser,2898,3276
2164,/home/abetatos/Escritorio/TFM_Dataset/Dataset_20230523/256pixel_4ro/Data/snowmap_20160420_ads_100_extent_maskiert_nosnow0_noausreisser__croped_HS_maxchete_64__726__1210.pickle,snowmap_20160420_ads_100_extent_maskiert_nosnow0_noausreisser,726,1210
2177,/home/abetatos/Escritorio/TFM_Dataset/Dataset_20230523/256pixel_4ro/Data/snowmap_20160420_ads_100_extent_maskiert_nosnow0_noausreisser__croped_HS_maxchete_87__2352__1680.pickle,snowmap_20160420_ads_100_extent_maskiert_nosnow0_noausreisser,2352,1680
2187,/home/abetatos/Escritorio/TFM_Dataset/Dataset_20230523/256pixel_4ro/Data/snowmap_20160420_ads_100_extent_maskiert_nosnow0_noausreisser__croped_HS_maxchete_123__2567__2869.pickle,snowmap_20160420_ads_100_extent_maskiert_nosnow0_noausreisser,2567,2869
2195,/home/abetatos/Escritorio/TFM_Dataset/Dataset_20230523/256pixel_4ro/Data/snowmap_20160420_ads_100_extent_maskiert_nosnow0_noausreisser__croped_HS_maxchete_195__2856__2156.pickle,snowmap_20160420_ads_100_extent_maskiert_nosnow0_noausreisser,2856,2156
2205,/home/abetatos/Escritorio/TFM_Dataset/Dataset_20230523/256pixel_4ro/Data/snowmap_20160420_ads_100_extent_maskiert_nosnow0_noausreisser__croped_HS_maxchete_172__2400__1800.pickle,snowmap_20160420_ads_100_extent_maskiert_nosnow0_noausreisser,2400,1800
2247,/home/abetatos/Escritorio/TFM_Dataset/Dataset_20230523/256pixel_4ro/Data/snowmap_20160420_ads_100_extent_maskiert_nosnow0_noausreisser__croped_HS_maxchete_97__675__250.pickle,snowmap_20160420_ads_100_extent_maskiert_nosnow0_noausreisser,675,250
2266,/home/abetatos/Escritorio/TFM_Dataset/Dataset_20230523/256pixel_4ro/Data/snowmap_20160420_ads_100_extent_maskiert_nosnow0_noausreisser__croped_HS_maxchete_100__1130__452.pickle,snowmap_20160420_ads_100_extent_maskiert_nosnow0_noausreisser,1130,452
2273,/home/abetatos/Escritorio/TFM_Dataset/Dataset_20230523/256pixel_4ro/Data/snowmap_20160420_ads_100_extent_maskiert_nosnow0_noausreisser__croped_HS_maxchete_154__284__1349.pickle,snowmap_20160420_ads_100_extent_maskiert_nosnow0_noausreisser,284,1349
2280,/home/abetatos/Escritorio/TFM_Dataset/Dataset_20230523/256pixel_4ro/Data/snowmap_20160420_ads_100_extent_maskiert_nosnow0_noausreisser__croped_HS_maxchete_114__2584__1088.pickle,snowmap_20160420_ads_100_extent_maskiert_nosnow0_noausreisser,2584,1088
2283,/home/abetatos/Escritorio/TFM_Dataset/Dataset_20230523/256pixel_4ro/Data/snowmap_20160420_ads_100_extent_maskiert_nosnow0_noausreisser__croped_HS_maxchete_263__2952__3456.pickle,snowmap_20160420_ads_100_extent_maskiert_nosnow0_noausreisser,2952,3456
2284,/home/abetatos/Escritorio/TFM_Dataset/Dataset_20230523/256pixel_4ro/Data/snowmap_20160420_ads_100_extent_maskiert_nosnow0_noausreisser__croped_HS_maxchete_271__841__58.pickle,snowmap_20160420_ads_100_extent_maskiert_nosnow0_noausreisser,841,58
2298,/home/abetatos/Escritorio/TFM_Dataset/Dataset_20230523/256pixel_4ro/Data/snowmap_20160420_ads_100_extent_maskiert_nosnow0_noausreisser__croped_HS_maxchete_132__3240__2484.pickle,snowmap_20160420_ads_100_extent_maskiert_nosnow0_noausreisser,3240,2484
2318,/home/abetatos/Escritorio/TFM_Dataset/Dataset_20230523/256pixel_4ro/Data/snowmap_20160420_ads_100_extent_maskiert_nosnow0_noausreisser__croped_HS_maxchete_209__2160__2160.pickle,snowmap_20160420_ads_100_extent_maskiert_nosnow0_noausreisser,2160,2160
2322,/home/abetatos/Escritorio/TFM_Dataset/Dataset_20230523/256pixel_4ro/Data/snowmap_20160420_ads_100_extent_maskiert_nosnow0_noausreisser__croped_HS_maxchete_78__2618__2380.pickle,snowmap_20160420_ads_100_extent_maskiert_nosnow0_noausreisser,2618,2380
2341,/home/abetatos/Escritorio/TFM_Dataset/Dataset_20230523/256pixel_4ro/Data/snowmap_20160420_ads_100_extent_maskiert_nosnow0_noausreisser__croped_HS_maxchete_65__2070__2024.pickle,snowmap_20160420_ads_100_extent_maskiert_nosnow0_noausreisser,2070,2024
2344,/home/abetatos/Escritorio/TFM_Dataset/Dataset_20230523/256pixel_4ro/Data/snowmap_20160420_ads_100_extent_maskiert_nosnow0_noausreisser__croped_HS_maxchete_278__1044__522.pickle,snowmap_20160420_ads_100_extent_maskiert_nosnow0_noausreisser,1044,522
2346,/home/abetatos/Escritorio/TFM_Dataset/Dataset_20230523/256pixel_4ro/Data/snowmap_20160420_ads_100_extent_maskiert_nosnow0_noausreisser__croped_HS_maxchete_57__3068__1888.pickle,snowmap_20160420_ads_100_extent_maskiert_nosnow0_noausreisser,3068,1888
2352,/home/abetatos/Escritorio/TFM_Dataset/Dataset_20230523/256pixel_4ro/Data/snowmap_20160420_ads_100_extent_maskiert_nosnow0_noausreisser__croped_HS_maxchete_169__732__183.pickle,snowmap_20160420_ads_100_extent_maskiert_nosnow0_noausreisser,732,183
2368,/home/abetatos/Escritorio/TFM_Dataset/Dataset_20230523/256pixel_4ro/Data/snowmap_20160420_ads_100_extent_maskiert_nosnow0_noausreisser__croped_HS_maxchete_55__3015__1395.pickle,snowmap_20160420_ads_100_extent_maskiert_nosnow0_noausreisser,3015,1395
2369,/home/abetatos/Escritorio/TFM_Dataset/Dataset_20230523/256pixel_4ro/Data/snowmap_20160420_ads_100_extent_maskiert_nosnow0_noausreisser__croped_HS_maxchete_135__3010__2150.pickle,snowmap_20160420_ads_100_extent_maskiert_nosnow0_noausreisser,3010,2150
2388,/home/abetatos/Escritorio/TFM_Dataset/Dataset_20230523/256pixel_4ro/Data/snowmap_20160420_ads_100_extent_maskiert_nosnow0_noausreisser__croped_HS_maxchete_166__364__1092.pickle,snowmap_20160420_ads_100_extent_maskiert_nosnow0_noausreisser,364,1092
2405,/home/abetatos/Escritorio/TFM_Dataset/Dataset_20230523/256pixel_4ro/Data/snowmap_20160420_ads_100_extent_maskiert_nosnow0_noausreisser__croped_HS_maxchete_165__3311__2849.pickle,snowmap_20160420_ads_100_extent_maskiert_nosnow0_noausreisser,3311,2849
2433,/home/abetatos/Escritorio/TFM_Dataset/Dataset_20230523/256pixel_4ro/Data/snowmap_20160420_ads_100_extent_maskiert_nosnow0_noausreisser__croped_HS_maxchete_159__2525__2075.pickle,snowmap_20160420_ads_100_extent_maskiert_nosnow0_noausreisser,2525,2075
2441,/home/abetatos/Escritorio/TFM_Dataset/Dataset_20230523/256pixel_4ro/Data/snowmap_20160420_ads_100_extent_maskiert_nosnow0_noausreisser__croped_HS_maxchete_79__2222__1414.pickle,snowmap_20160420_ads_100_extent_maskiert_nosnow0_noausreisser,2222,1414
2447,/home/abetatos/Escritorio/TFM_Dataset/Dataset_20230523/256pixel_4ro/Data/snowmap_20160420_ads_100_extent_maskiert_nosnow0_noausreisser__croped_HS_maxchete_73__2990__2600.pickle,snowmap_20160420_ads_100_extent_maskiert_nosnow0_noausreisser,2990,2600
2489,/home/abetatos/Escritorio/TFM_Dataset/Dataset_20230523/256pixel_4ro/Data/snowmap_20160420_ads_100_extent_maskiert_nosnow0_noausreisser__croped_HS_maxchete_71__1971__1533.pickle,snowmap_20160420_ads_100_extent_maskiert_nosnow0_noausreisser,1971,1533
2515,/home/abetatos/Escritorio/TFM_Dataset/Dataset_20230523/256pixel_4ro/Data/snowmap_20160420_ads_100_extent_maskiert_nosnow0_noausreisser__croped_HS_maxchete_82__1230__205.pickle,snowmap_20160420_ads_100_extent_maskiert_nosnow0_noausreisser,1230,205
2518,/home/abetatos/Escritorio/TFM_Dataset/Dataset_20230523/256pixel_4ro/Data/snowmap_20160420_ads_100_extent_maskiert_nosnow0_noausreisser__croped_HS_maxchete_49__2793__1911.pickle,snowmap_20160420_ads_100_extent_maskiert_nosnow0_noausreisser,2793,1911
2565,/home/abetatos/Escritorio/TFM_Dataset/Dataset_20230523/256pixel_4ro/Data/snowmap_20160420_ads_100_extent_maskiert_nosnow0_noausreisser__croped_HS_maxchete_180__3599__3127.pickle,snowmap_20160420_ads_100_extent_maskiert_nosnow0_noausreisser,3599,3127
2580,/home/abetatos/Escritorio/TFM_Dataset/Dataset_20230523/256pixel_4ro/Data/snowmap_20160420_ads_100_extent_maskiert_nosnow0_noausreisser__croped_HS_maxchete_31__2530__1840.pickle,snowmap_20160420_ads_100_extent_maskiert_nosnow0_noausreisser,2530,1840
2597,/home/abetatos/Escritorio/TFM_Dataset/Dataset_20230523/256pixel_4ro/Data/snowmap_20160420_ads_100_extent_maskiert_nosnow0_noausreisser__croped_HS_maxchete_27__3625__2900.pickle,snowmap_20160420_ads_100_extent_maskiert_nosnow0_noausreisser,3625,2900
2631,/home/abetatos/Escritorio/TFM_Dataset/Dataset_20230523/256pixel_4ro/Data/snowmap_20160420_ads_100_extent_maskiert_nosnow0_noausreisser__croped_HS_maxchete_105__3250__2750.pickle,snowmap_20160420_ads_100_extent_maskiert_nosnow0_noausreisser,3250,2750
2632,/home/abetatos/Escritorio/TFM_Dataset/Dataset_20230523/256pixel_4ro/Data/snowmap_20160420_ads_100_extent_maskiert_nosnow0_noausreisser__croped_HS_maxchete_185__504__1440.pickle,snowmap_20160420_ads_100_extent_maskiert_nosnow0_noausreisser,504,1440
2642,/home/abetatos/Escritorio/TFM_Dataset/Dataset_20230523/256pixel_4ro/Data/snowmap_20160420_ads_100_extent_maskiert_nosnow0_noausreisser__croped_HS_maxchete_277__3015__2613.pickle,snowmap_20160420_ads_100_extent_maskiert_nosnow0_noausreisser,3015,2613
2650,/home/abetatos/Escritorio/TFM_Dataset/Dataset_20230523/256pixel_4ro/Data/snowmap_20160420_ads_100_extent_maskiert_nosnow0_noausreisser__croped_HS_maxchete_274__2220__1665.pickle,snowmap_20160420_ads_100_extent_maskiert_nosnow0_noausreisser,2220,1665
2662,/home/abetatos/Escritorio/TFM_Dataset/Dataset_20230523/256pixel_4ro/Data/snowmap_20160420_ads_100_extent_maskiert_nosnow0_noausreisser__croped_HS_maxchete_164__2704__832.pickle,snowmap_20160420_ads_100_extent_maskiert_nosnow0_noausreisser,2704,832
2674,/home/abetatos/Escritorio/TFM_Dataset/Dataset_20230523/256pixel_4ro/Data/snowmap_20160420_ads_100_extent_maskiert_nosnow0_noausreisser__croped_HS_maxchete_243__3500__2450.pickle,snowmap_20160420_ads_100_extent_maskiert_nosnow0_noausreisser,3500,2450
2676,/home/abetatos/Escritorio/TFM_Dataset/Dataset_20230523/256pixel_4ro/Data/snowmap_20160420_ads_100_extent_maskiert_nosnow0_noausreisser__croped_HS_maxchete_235__3045__1595.pickle,snowmap_20160420_ads_100_extent_maskiert_nosnow0_noausreisser,3045,1595
2682,/home/abetatos/Escritorio/TFM_Dataset/Dataset_20230523/256pixel_4ro/Data/snowmap_20160420_ads_100_extent_maskiert_nosnow0_noausreisser__croped_HS_maxchete_232__2646__1764.pickle,snowmap_20160420_ads_100_extent_maskiert_nosnow0_noausreisser,2646,1764
2683,/home/abetatos/Escritorio/TFM_Dataset/Dataset_20230523/256pixel_4ro/Data/snowmap_20160420_ads_100_extent_maskiert_nosnow0_noausreisser__croped_HS_maxchete_170__3605__2678.pickle,snowmap_20160420_ads_100_extent_maskiert_nosnow0_noausreisser,3605,2678
2715,/home/abetatos/Escritorio/TFM_Dataset/Dataset_20230523/256pixel_4ro/Data/snowmap_20160420_ads_100_extent_maskiert_nosnow0_noausreisser__croped_HS_maxchete_253__2400__750.pickle,snowmap_20160420_ads_100_extent_maskiert_nosnow0_noausreisser,2400,750
2727,/home/abetatos/Escritorio/TFM_Dataset/Dataset_20230523/256pixel_4ro/Data/snowmap_20160420_ads_100_extent_maskiert_nosnow0_noausreisser__croped_HS_maxchete_111__2928__1830.pickle,snowmap_20160420_ads_100_extent_maskiert_nosnow0_noausreisser,2928,1830
2737,/home/abetatos/Escritorio/TFM_Dataset/Dataset_20230523/256pixel_4ro/Data/snowmap_20160420_ads_100_extent_maskiert_nosnow0_noausreisser__croped_HS_maxchete_189__2875__1650.pickle,snowmap_20160420_ads_100_extent_maskiert_nosnow0_noausreisser,2875,1650
2755,/home/abetatos/Escritorio/TFM_Dataset/Dataset_20230523/256pixel_4ro/Data/snowmap_20160420_ads_100_extent_maskiert_nosnow0_noausreisser__croped_HS_maxchete_199__2475__2250.pickle,snowmap_20160420_ads_100_extent_maskiert_nosnow0_noausreisser,2475,2250
2772,/home/abetatos/Escritorio/TFM_Dataset/Dataset_20230523/256pixel_4ro/Data/snowmap_20160420_ads_100_extent_maskiert_nosnow0_noausreisser__croped_HS_maxchete_48__2700__1125.pickle,snowmap_20160420_ads_100_extent_maskiert_nosnow0_noausreisser,2700,1125
2782,/home/abetatos/Escritorio/TFM_Dataset/Dataset_20230523/256pixel_4ro/Data/snowmap_20160420_ads_100_extent_maskiert_nosnow0_noausreisser__croped_HS_maxchete_261__3125__2325.pickle,snowmap_20160420_ads_100_extent_maskiert_nosnow0_noausreisser,3125,2325
2786,/home/abetatos/Escritorio/TFM_Dataset/Dataset_20230523/256pixel_4ro/Data/snowmap_20160420_ads_100_extent_maskiert_nosnow0_noausreisser__croped_HS_maxchete_92__3420__2508.pickle,snowmap_20160420_ads_100_extent_maskiert_nosnow0_noausreisser,3420,2508
2795,/home/abetatos/Escritorio/TFM_Dataset/Dataset_20230523/256pixel_4ro/Data/snowmap_20160420_ads_100_extent_maskiert_nosnow0_noausreisser__croped_HS_maxchete_102__2442__2664.pickle,snowmap_20160420_ads_100_extent_maskiert_nosnow0_noausreisser,2442,2664
2797,/home/abetatos/Escritorio/TFM_Dataset/Dataset_20230523/256pixel_4ro/Data/snowmap_20160420_ads_100_extent_maskiert_nosnow0_noausreisser__croped_HS_maxchete_196__3330__2664.pickle,snowmap_20160420_ads_100_extent_maskiert_nosnow0_noausreisser,3330,2664
2809,/home/abetatos/Escritorio/TFM_Dataset/Dataset_20230523/256pixel_4ro/Data/snowmap_20160420_ads_100_extent_maskiert_nosnow0_noausreisser__croped_HS_maxchete_84__2814__1608.pickle,snowmap_20160420_ads_100_extent_maskiert_nosnow0_noausreisser,2814,1608
2811,/home/abetatos/Escritorio/TFM_Dataset/Dataset_20230523/256pixel_4ro/Data/snowmap_20160420_ads_100_extent_maskiert_nosnow0_noausreisser__croped_HS_maxchete_119__2255__1925.pickle,snowmap_20160420_ads_100_extent_maskiert_nosnow0_noausreisser,2255,1925
2819,/home/abetatos/Escritorio/TFM_Dataset/Dataset_20230523/256pixel_4ro/Data/snowmap_20160420_ads_100_extent_maskiert_nosnow0_noausreisser__croped_HS_maxchete_90__3471__3198.pickle,snowmap_20160420_ads_100_extent_maskiert_nosnow0_noausreisser,3471,3198
2826,/home/abetatos/Escritorio/TFM_Dataset/Dataset_20230523/256pixel_4ro/Data/snowmap_20160420_ads_100_extent_maskiert_nosnow0_noausreisser__croped_HS_maxchete_40__2006__1770.pickle,snowmap_20160420_ads_100_extent_maskiert_nosnow0_noausreisser,2006,1770
2874,/home/abetatos/Escritorio/TFM_Dataset/Dataset_20230523/256pixel_4ro/Data/snowmap_20160420_ads_100_extent_maskiert_nosnow0_noausreisser__croped_HS_maxchete_161__2976__2418.pickle,snowmap_20160420_ads_100_extent_maskiert_nosnow0_noausreisser,2976,2418
2910,/home/abetatos/Escritorio/TFM_Dataset/Dataset_20230523/256pixel_4ro/Data/snowmap_20160420_ads_100_extent_maskiert_nosnow0_noausreisser__croped_HS_maxchete_137__2975__3450.pickle,snowmap_20160420_ads_100_extent_maskiert_nosnow0_noausreisser,2975,3450
2922,/home/abetatos/Escritorio/TFM_Dataset/Dataset_20230523/256pixel_4ro/Data/snowmap_20160420_ads_100_extent_maskiert_nosnow0_noausreisser__croped_HS_maxchete_248__2135__1403.pickle,snowmap_20160420_ads_100_extent_maskiert_nosnow0_noausreisser,2135,1403
2933,/home/abetatos/Escritorio/TFM_Dataset/Dataset_20230523/256pixel_4ro/Data/snowmap_20160420_ads_100_extent_maskiert_nosnow0_noausreisser__croped_HS_maxchete_273__2072__1924.pickle,snowmap_20160420_ads_100_extent_maskiert_nosnow0_noausreisser,2072,1924
2940,/home/abetatos/Escritorio/TFM_Dataset/Dataset_20230523/256pixel_4ro/Data/snowmap_20160420_ads_100_extent_maskiert_nosnow0_noausreisser__croped_HS_maxchete_264__2394__2546.pickle,snowmap_20160420_ads_100_extent_maskiert_nosnow0_noausreisser,2394,2546
2950,/home/abetatos/Escritorio/TFM_Dataset/Dataset_20230523/256pixel_4ro/Data/snowmap_20160420_ads_100_extent_maskiert_nosnow0_noausreisser__croped_HS_maxchete_11__3243__2820.pickle,snowmap_20160420_ads_100_extent_maskiert_nosnow0_noausreisser,3243,2820
2972,/home/abetatos/Escritorio/TFM_Dataset/Dataset_20230523/256pixel_4ro/Data/snowmap_20160420_ads_100_extent_maskiert_nosnow0_noausreisser__croped_HS_maxchete_61__3500__2800.pickle,snowmap_20160420_ads_100_extent_maskiert_nosnow0_noausreisser,3500,2800
2995,/home/abetatos/Escritorio/TFM_Dataset/Dataset_20230523/256pixel_4ro/Data/snowmap_20160420_ads_100_extent_maskiert_nosnow0_noausreisser__croped_HS_maxchete_19__2790__2945.pickle,snowmap_20160420_ads_100_extent_maskiert_nosnow0_noausreisser,2790,2945
2996,/home/abetatos/Escritorio/TFM_Dataset/Dataset_20230523/256pixel_4ro/Data/snowmap_20160420_ads_100_extent_maskiert_nosnow0_noausreisser__croped_HS_maxchete_8__1232__462.pickle,snowmap_20160420_ads_100_extent_maskiert_nosnow0_noausreisser,1232,462
3010,/home/abetatos/Escritorio/TFM_Dataset/Dataset_20230523/256pixel_4ro/Data/snowmap_20160420_ads_100_extent_maskiert_nosnow0_noausreisser__croped_HS_maxchete_127__2501__732.pickle,snowmap_20160420_ads_100_extent_maskiert_nosnow0_noausreisser,2501,732
3012,/home/abetatos/Escritorio/TFM_Dataset/Dataset_20230523/256pixel_4ro/Data/snowmap_20160420_ads_100_extent_maskiert_nosnow0_noausreisser__croped_HS_maxchete_93__282__658.pickle,snowmap_20160420_ads_100_extent_maskiert_nosnow0_noausreisser,282,658
3018,/home/abetatos/Escritorio/TFM_Dataset/Dataset_20230523/256pixel_4ro/Data/snowmap_20160420_ads_100_extent_maskiert_nosnow0_noausreisser__croped_HS_maxchete_163__2139__1932.pickle,snowmap_20160420_ads_100_extent_maskiert_nosnow0_noausreisser,2139,1932
3019,/home/abetatos/Escritorio/TFM_Dataset/Dataset_20230523/256pixel_4ro/Data/snowmap_20160420_ads_100_extent_maskiert_nosnow0_noausreisser__croped_HS_maxchete_272__2788__1640.pickle,snowmap_20160420_ads_100_extent_maskiert_nosnow0_noausreisser,2788,1640
3020,/home/abetatos/Escritorio/TFM_Dataset/Dataset_20230523/256pixel_4ro/Data/snowmap_20160420_ads_100_extent_maskiert_nosnow0_noausreisser__croped_HS_maxchete_120__426__568.pickle,snowmap_20160420_ads_100_extent_maskiert_nosnow0_noausreisser,426,568
3030,/home/abetatos/Escritorio/TFM_Dataset/Dataset_20230523/256pixel_4ro/Data/snowmap_20160420_ads_100_extent_maskiert_nosnow0_noausreisser__croped_HS_maxchete_68__2704__3042.pickle,snowmap_20160420_ads_100_extent_maskiert_nosnow0_noausreisser,2704,3042
3033,/home/abetatos/Escritorio/TFM_Dataset/Dataset_20230523/256pixel_4ro/Data/snowmap_20160420_ads_100_extent_maskiert_nosnow0_noausreisser__croped_HS_maxchete_54__1862__1372.pickle,snowmap_20160420_ads_100_extent_maskiert_nosnow0_noausreisser,1862,1372
3035,/home/abetatos/Escritorio/TFM_Dataset/Dataset_20230523/256pixel_4ro/Data/snowmap_20160420_ads_100_extent_maskiert_nosnow0_noausreisser__croped_HS_maxchete_17__2848__1246.pickle,snowmap_20160420_ads_100_extent_maskiert_nosnow0_noausreisser,2848,1246
3044,/home/abetatos/Escritorio/TFM_Dataset/Dataset_20230523/256pixel_4ro/Data/snowmap_20160420_ads_100_extent_maskiert_nosnow0_noausreisser__croped_HS_maxchete_85__3003__3159.pickle,snowmap_20160420_ads_100_extent_maskiert_nosnow0_noausreisser,3003,3159
3055,/home/abetatos/Escritorio/TFM_Dataset/Dataset_20230523/256pixel_4ro/Data/snowmap_20160420_ads_100_extent_maskiert_nosnow0_noausreisser__croped_HS_maxchete_270__2760__2760.pickle,snowmap_20160420_ads_100_extent_maskiert_nosnow0_noausreisser,2760,2760
3058,/home/abetatos/Escritorio/TFM_Dataset/Dataset_20230523/256pixel_4ro/Data/snowmap_20160420_ads_100_extent_maskiert_nosnow0_noausreisser__croped_HS_maxchete_29__1056__176.pickle,snowmap_20160420_ads_100_extent_maskiert_nosnow0_noausreisser,1056,176
3088,/home/abetatos/Escritorio/TFM_Dataset/Dataset_20230523/256pixel_4ro/Data/snowmap_20160420_ads_100_extent_maskiert_nosnow0_noausreisser__croped_HS_maxchete_52__2370__2370.pickle,snowmap_20160420_ads_100_extent_maskiert_nosnow0_noausreisser,2370,2370
3098,/home/abetatos/Escritorio/TFM_Dataset/Dataset_20230523/256pixel_4ro/Data/snowmap_20160420_ads_100_extent_maskiert_nosnow0_noausreisser__croped_HS_maxchete_187__3298__3298.pickle,snowmap_20160420_ads_100_extent_maskiert_nosnow0_noausreisser,3298,3298
3112,/home/abetatos/Escritorio/TFM_Dataset/Dataset_20230523/256pixel_4ro/Data/snowmap_20160420_ads_100_extent_maskiert_nosnow0_noausreisser__croped_HS_maxchete_202__2277__1449.pickle,snowmap_20160420_ads_100_extent_maskiert_nosnow0_noausreisser,2277,1449
3116,/home/abetatos/Escritorio/TFM_Dataset/Dataset_20230523/256pixel_4ro/Data/snowmap_20160420_ads_100_extent_maskiert_nosnow0_noausreisser__croped_HS_maxchete_45__414__828.pickle,snowmap_20160420_ads_100_extent_maskiert_nosnow0_noausreisser,414,828
3129,/home/abetatos/Escritorio/TFM_Dataset/Dataset_20230523/256pixel_4ro/Data/snowmap_20160420_ads_100_extent_maskiert_nosnow0_noausreisser__croped_HS_maxchete_108__3360__2240.pickle,snowmap_20160420_ads_100_extent_maskiert_nosnow0_noausreisser,3360,2240
3162,/home/abetatos/Escritorio/TFM_Dataset/Dataset_20230523/256pixel_4ro/Data/snowmap_20160420_ads_100_extent_maskiert_nosnow0_noausreisser__croped_HS_maxchete_124__2750__2550.pickle,snowmap_20160420_ads_100_extent_maskiert_nosnow0_noausreisser,2750,2550
3174,/home/abetatos/Escritorio/TFM_Dataset/Dataset_20230523/256pixel_4ro/Data/snowmap_20160420_ads_100_extent_maskiert_nosnow0_noausreisser__croped_HS_maxchete_99__159__954.pickle,snowmap_20160420_ads_100_extent_maskiert_nosnow0_noausreisser,159,954
3178,/home/abetatos/Escritorio/TFM_Dataset/Dataset_20230523/256pixel_4ro/Data/snowmap_20160420_ads_100_extent_maskiert_nosnow0_noausreisser__croped_HS_maxchete_266__3178__1816.pickle,snowmap_20160420_ads_100_extent_maskiert_nosnow0_noausreisser,3178,1816
3184,/home/abetatos/Escritorio/TFM_Dataset/Dataset_20230523/256pixel_4ro/Data/snowmap_20160420_ads_100_extent_maskiert_nosnow0_noausreisser__croped_HS_maxchete_70__448__1064.pickle,snowmap_20160420_ads_100_extent_maskiert_nosnow0_noausreisser,448,1064
3193,/home/abetatos/Escritorio/TFM_Dataset/Dataset_20230523/256pixel_4ro/Data/snowmap_20160420_ads_100_extent_maskiert_nosnow0_noausreisser__croped_HS_maxchete_115__3536__2704.pickle,snowmap_20160420_ads_100_extent_maskiert_nosnow0_noausreisser,3536,2704
3198,/home/abetatos/Escritorio/TFM_Dataset/Dataset_20230523/256pixel_4ro/Data/snowmap_20160420_ads_100_extent_maskiert_nosnow0_noausreisser__croped_HS_maxchete_241__2516__2788.pickle,snowmap_20160420_ads_100_extent_maskiert_nosnow0_noausreisser,2516,2788
3207,/home/abetatos/Escritorio/TFM_Dataset/Dataset_20230523/256pixel_4ro/Data/snowmap_20160420_ads_100_extent_maskiert_nosnow0_noausreisser__croped_HS_maxchete_244__46__920.pickle,snowmap_20160420_ads_100_extent_maskiert_nosnow0_noausreisser,46,920
3208,/home/abetatos/Escritorio/TFM_Dataset/Dataset_20230523/256pixel_4ro/Data/snowmap_20160420_ads_100_extent_maskiert_nosnow0_noausreisser__croped_HS_maxchete_213__1086__543.pickle,snowmap_20160420_ads_100_extent_maskiert_nosnow0_noausreisser,1086,543
3220,/home/abetatos/Escritorio/TFM_Dataset/Dataset_20230523/256pixel_4ro/Data/snowmap_20160420_ads_100_extent_maskiert_nosnow0_noausreisser__croped_HS_maxchete_34__2761__1506.pickle,snowmap_20160420_ads_100_extent_maskiert_nosnow0_noausreisser,2761,1506
3266,/home/abetatos/Escritorio/TFM_Dataset/Dataset_20230523/256pixel_4ro/Data/snowmap_20160420_ads_100_extent_maskiert_nosnow0_noausreisser__croped_HS_maxchete_191__844__844.pickle,snowmap_20160420_ads_100_extent_maskiert_nosnow0_noausreisser,844,844
3305,/home/abetatos/Escritorio/TFM_Dataset/Dataset_20230523/256pixel_4ro/Data/snowmap_20160420_ads_100_extent_maskiert_nosnow0_noausreisser__croped_HS_maxchete_224__903__258.pickle,snowmap_20160420_ads_100_extent_maskiert_nosnow0_noausreisser,903,258
3317,/home/abetatos/Escritorio/TFM_Dataset/Dataset_20230523/256pixel_4ro/Data/snowmap_20160420_ads_100_extent_maskiert_nosnow0_noausreisser__croped_HS_maxchete_86__3108__2146.pickle,snowmap_20160420_ads_100_extent_maskiert_nosnow0_noausreisser,3108,2146
3319,/home/abetatos/Escritorio/TFM_Dataset/Dataset_20230523/256pixel_4ro/Data/snowmap_20160420_ads_100_extent_maskiert_nosnow0_noausreisser__croped_HS_maxchete_103__2448__2160.pickle,snowmap_20160420_ads_100_extent_maskiert_nosnow0_noausreisser,2448,2160
3333,/home/abetatos/Escritorio/TFM_Dataset/Dataset_20230523/256pixel_4ro/Data/snowmap_20160420_ads_100_extent_maskiert_nosnow0_noausreisser__croped_HS_maxchete_7__684__684.pickle,snowmap_20160420_ads_100_extent_maskiert_nosnow0_noausreisser,684,684
3336,/home/abetatos/Escritorio/TFM_Dataset/Dataset_20230523/256pixel_4ro/Data/snowmap_20160420_ads_100_extent_maskiert_nosnow0_noausreisser__croped_HS_maxchete_109__3750__3000.pickle,snowmap_20160420_ads_100_extent_maskiert_nosnow0_noausreisser,3750,3000
3347,/home/abetatos/Escritorio/TFM_Dataset/Dataset_20230523/256pixel_4ro/Data/snowmap_20160420_ads_100_extent_maskiert_nosnow0_noausreisser__croped_HS_maxchete_182__106__1060.pickle,snowmap_20160420_ads_100_extent_maskiert_nosnow0_noausreisser,106,1060
3374,/home/abetatos/Escritorio/TFM_Dataset/Dataset_20230523/256pixel_4ro/Data/snowmap_20160420_ads_100_extent_maskiert_nosnow0_noausreisser__croped_HS_maxchete_125__194__1164.pickle,snowmap_20160420_ads_100_extent_maskiert_nosnow0_noausreisser,194,1164
3419,/home/abetatos/Escritorio/TFM_Dataset/Dataset_20230523/256pixel_4ro/Data/snowmap_20160420_ads_100_extent_maskiert_nosnow0_noausreisser__croped_HS_maxchete_230__3422__3186.pickle,snowmap_20160420_ads_100_extent_maskiert_nosnow0_noausreisser,3422,3186
3460,/home/abetatos/Escritorio/TFM_Dataset/Dataset_20230523/256pixel_4ro/Data/snowmap_20160420_ads_100_extent_maskiert_nosnow0_noausreisser__croped_HS_maxchete_221__2739__2241.pickle,snowmap_20160420_ads_100_extent_maskiert_nosnow0_noausreisser,2739,2241
3488,/home/abetatos/Escritorio/TFM_Dataset/Dataset_20230523/256pixel_4ro/Data/snowmap_20160420_ads_100_extent_maskiert_nosnow0_noausreisser__croped_HS_maxchete_98__2700__2025.pickle,snowmap_20160420_ads_100_extent_maskiert_nosnow0_noausreisser,2700,2025
3490,/home/abetatos/Escritorio/TFM_Dataset/Dataset_20230523/256pixel_4ro/Data/snowmap_20160420_ads_100_extent_maskiert_nosnow0_noausreisser__croped_HS_maxchete_75__460__1380.pickle,snowmap_20160420_ads_100_extent_maskiert_nosnow0_noausreisser,460,1380
3504,/home/abetatos/Escritorio/TFM_Dataset/Dataset_20230523/256pixel_4ro/Data/snowmap_20160420_ads_100_extent_maskiert_nosnow0_noausreisser__croped_HS_maxchete_107__1988__1278.pickle,snowmap_20160420_ads_100_extent_maskiert_nosnow0_noausreisser,1988,1278
3509,/home/abetatos/Escritorio/TFM_Dataset/Dataset_20230523/256pixel_4ro/Data/snowmap_20160420_ads_100_extent_maskiert_nosnow0_noausreisser__croped_HS_maxchete_212__3056__2674.pickle,snowmap_20160420_ads_100_extent_maskiert_nosnow0_noausreisser,3056,2674
3523,/home/abetatos/Escritorio/TFM_Dataset/Dataset_20230523/256pixel_4ro/Data/snowmap_20160420_ads_100_extent_maskiert_nosnow0_noausreisser__croped_HS_maxchete_227__2985__2388.pickle,snowmap_20160420_ads_100_extent_maskiert_nosnow0_noausreisser,2985,2388
3554,/home/abetatos/Escritorio/TFM_Dataset/Dataset_20230523/256pixel_4ro/Data/snowmap_20160420_ads_100_extent_maskiert_nosnow0_noausreisser__croped_HS_maxchete_143__2340__1560.pickle,snowmap_20160420_ads_100_extent_maskiert_nosnow0_noausreisser,2340,1560
3607,/home/abetatos/Escritorio/TFM_Dataset/Dataset_20230523/256pixel_4ro/Data/snowmap_20160420_ads_100_extent_maskiert_nosnow0_noausreisser__croped_HS_maxchete_110__2808__2808.pickle,snowmap_20160420_ads_100_extent_maskiert_nosnow0_noausreisser,2808,2808
3616,/home/abetatos/Escritorio/TFM_Dataset/Dataset_20230523/256pixel_4ro/Data/snowmap_20160420_ads_100_extent_maskiert_nosnow0_noausreisser__croped_HS_maxchete_9__3534__3162.pickle,snowmap_20160420_ads_100_extent_maskiert_nosnow0_noausreisser,3534,3162
3623,/home/abetatos/Escritorio/TFM_Dataset/Dataset_20230523/256pixel_4ro/Data/snowmap_20160420_ads_100_extent_maskiert_nosnow0_noausreisser__croped_HS_maxchete_168__2758__1970.pickle,snowmap_20160420_ads_100_extent_maskiert_nosnow0_noausreisser,2758,1970
3632,/home/abetatos/Escritorio/TFM_Dataset/Dataset_20230523/256pixel_4ro/Data/snowmap_20160420_ads_100_extent_maskiert_nosnow0_noausreisser__croped_HS_maxchete_225__2730__2520.pickle,snowmap_20160420_ads_100_extent_maskiert_nosnow0_noausreisser,2730,2520
3638,/home/abetatos/Escritorio/TFM_Dataset/Dataset_20230523/256pixel_4ro/Data/snowmap_20160420_ads_100_extent_maskiert_nosnow0_noausreisser__croped_HS_maxchete_39__3068__3068.pickle,snowmap_20160420_ads_100_extent_maskiert_nosnow0_noausreisser,3068,3068
3650,/home/abetatos/Escritorio/TFM_Dataset/Dataset_20230523/256pixel_4ro/Data/snowmap_20160420_ads_100_extent_maskiert_nosnow0_noausreisser__croped_HS_maxchete_240__2444__1692.pickle,snowmap_20160420_ads_100_extent_maskiert_nosnow0_noausreisser,2444,1692
3665,/home/abetatos/Escritorio/TFM_Dataset/Dataset_20230523/256pixel_4ro/Data/snowmap_20160420_ads_100_extent_maskiert_nosnow0_noausreisser__croped_HS_maxchete_117__882__504.pickle,snowmap_20160420_ads_100_extent_maskiert_nosnow0_noausreisser,882,504
3670,/home/abetatos/Escritorio/TFM_Dataset/Dataset_20230523/256pixel_4ro/Data/snowmap_20160420_ads_100_extent_maskiert_nosnow0_noausreisser__croped_HS_maxchete_259__3213__2754.pickle,snowmap_20160420_ads_100_extent_maskiert_nosnow0_noausreisser,3213,2754
3720,/home/abetatos/Escritorio/TFM_Dataset/Dataset_20230523/256pixel_4ro/Data/snowmap_20160420_ads_100_extent_maskiert_nosnow0_noausreisser__croped_HS_maxchete_158__1938__1088.pickle,snowmap_20160420_ads_100_extent_maskiert_nosnow0_noausreisser,1938,1088
3758,/home/abetatos/Escritorio/TFM_Dataset/Dataset_20230523/256pixel_4ro/Data/snowmap_20160420_ads_100_extent_maskiert_nosnow0_noausreisser__croped_HS_maxchete_43__3150__3450.pickle,snowmap_20160420_ads_100_extent_maskiert_nosnow0_noausreisser,3150,3450
3759,/home/abetatos/Escritorio/TFM_Dataset/Dataset_20230523/256pixel_4ro/Data/snowmap_20160420_ads_100_extent_maskiert_nosnow0_noausreisser__croped_HS_maxchete_18__3146__2420.pickle,snowmap_20160420_ads_100_extent_maskiert_nosnow0_noausreisser,3146,2420
3765,/home/abetatos/Escritorio/TFM_Dataset/Dataset_20230523/256pixel_4ro/Data/snowmap_20160420_ads_100_extent_maskiert_nosnow0_noausreisser__croped_HS_maxchete_216__2448__1989.pickle,snowmap_20160420_ads_100_extent_maskiert_nosnow0_noausreisser,2448,1989
3804,/home/abetatos/Escritorio/TFM_Dataset/Dataset_20230523/256pixel_4ro/Data/snowmap_20160420_ads_100_extent_maskiert_nosnow0_noausreisser__croped_HS_maxchete_178__2310__2420.pickle,snowmap_20160420_ads_100_extent_maskiert_nosnow0_noausreisser,2310,2420
3816,/home/abetatos/Escritorio/TFM_Dataset/Dataset_20230523/256pixel_4ro/Data/snowmap_20160420_ads_100_extent_maskiert_nosnow0_noausreisser__croped_HS_maxchete_234__2688__1176.pickle,snowmap_20160420_ads_100_extent_maskiert_nosnow0_noausreisser,2688,1176
3819,/home/abetatos/Escritorio/TFM_Dataset/Dataset_20230523/256pixel_4ro/Data/snowmap_20160420_ads_100_extent_maskiert_nosnow0_noausreisser__croped_HS_maxchete_255__2748__916.pickle,snowmap_20160420_ads_100_extent_maskiert_nosnow0_noausreisser,2748,916
3848,/home/abetatos/Escritorio/TFM_Dataset/Dataset_20230523/256pixel_4ro/Data/snowmap_20160420_ads_100_extent_maskiert_nosnow0_noausreisser__croped_HS_maxchete_36__2952__2706.pickle,snowmap_20160420_ads_100_extent_maskiert_nosnow0_noausreisser,2952,2706
3857,/home/abetatos/Escritorio/TFM_Dataset/Dataset_20230523/256pixel_4ro/Data/snowmap_20160420_ads_100_extent_maskiert_nosnow0_noausreisser__croped_HS_maxchete_12__2568__2140.pickle,snowmap_20160420_ads_100_extent_maskiert_nosnow0_noausreisser,2568,2140
3873,/home/abetatos/Escritorio/TFM_Dataset/Dataset_20230523/256pixel_4ro/Data/snowmap_20160420_ads_100_extent_maskiert_nosnow0_noausreisser__croped_HS_maxchete_251__1056__816.pickle,snowmap_20160420_ads_100_extent_maskiert_nosnow0_noausreisser,1056,816
3878,/home/abetatos/Escritorio/TFM_Dataset/Dataset_20230523/256pixel_4ro/Data/snowmap_20160420_ads_100_extent_maskiert_nosnow0_noausreisser__croped_HS_maxchete_60__2316__2123.pickle,snowmap_20160420_ads_100_extent_maskiert_nosnow0_noausreisser,2316,2123
3909,/home/abetatos/Escritorio/TFM_Dataset/Dataset_20230523/256pixel_4ro/Data/snowmap_20160420_ads_100_extent_maskiert_nosnow0_noausreisser__croped_HS_maxchete_146__672__784.pickle,snowmap_20160420_ads_100_extent_maskiert_nosnow0_noausreisser,672,784
3920,/home/abetatos/Escritorio/TFM_Dataset/Dataset_20230523/256pixel_4ro/Data/snowmap_20160420_ads_100_extent_maskiert_nosnow0_noausreisser__croped_HS_maxchete_206__2198__1727.pickle,snowmap_20160420_ads_100_extent_maskiert_nosnow0_noausreisser,2198,1727
3951,/home/abetatos/Escritorio/TFM_Dataset/Dataset_20230523/256pixel_4ro/Data/snowmap_20160420_ads_100_extent_maskiert_nosnow0_noausreisser__croped_HS_maxchete_69__3014__2877.pickle,snowmap_20160420_ads_100_extent_maskiert_nosnow0_noausreisser,3014,2877
3969,/home/abetatos/Escritorio/TFM_Dataset/Dataset_20230523/256pixel_4ro/Data/snowmap_20160420_ads_100_extent_maskiert_nosnow0_noausreisser__croped_HS_maxchete_122__574__1107.pickle,snowmap_20160420_ads_100_extent_maskiert_nosnow0_noausreisser,574,1107
